filename,label
45eb43092f474a26a897904943306610.mp4,1
54255984945d45e49f0b1185177e71b6.mp4,1
f32e7cae99c940a58f81c3d083390c88.mp4,1
3c69b65300674c7bb8d9b85fab9e4cf6.mp4,1
aff149541759461cba37f257d9cafbab.mp4,1
99de70d6c67444d0a8345518fa24e07d.mp4,1
9daa5e68a7cd4f55a32d5a7d05766335.mp4,1
a88fc6ab0d1f472e954334d74fb8ef50.mp4,1
9460d7f9f3874da798531578fc699f59.mp4,1
6452d1c265a842ed98f64530d0a6d415.mp4,1
97913882130a4192928be05b3e1a2547.mp4,1
dda3374ca64d47a088b810a20bac4ab7.mp4,1
ac9705059e4a484abdfd5a3263b297fb.mp4,1
9076a437b57f4fa9b37c407b590d4428.mp4,1
f95d462913ef4f31bf4c7bc4e97cf86b.mp4,1
d8d30dab511f4309afe2359e10163025.mp4,1
1ad91f3d5e5f4767a5066a8c4c436084.mp4,1
011f0039d82940e3abf2c82499012d4a.mp4,1
7f209f081c4847f695dc13eb5239e441.mp4,1
4091eb76f55b4326aa79a4798b44d49b.mp4,1
ad3b508dd3494f2e864cea4d3d5e531e.mp4,1
ac0af3e688fe4c86910f0c09eb42d212.mp4,1
4028828f507549c491072070a4b2356e.mp4,1
5bc42341fdc041b4bff33258656f6008.mp4,1
09abcbabbade464ba2d244b3e6d0c783.mp4,1
bae3e81f2f4248f89d84f16859e76817.mp4,1
6a7d643da0ea46818e654b9bfa620822.mp4,1
ae191a8fd76e474994e46b25dbadf9ed.mp4,1
57bc562972aa44f184e793c82eeb9e23.mp4,1
221a32a207b6425c8c36010696b427ba.mp4,1
9fc63ad9dd1d439d943cf7442968ad7c.mp4,1
caa97347f9804769bafec8c959bce795.mp4,1
2090fe1610ce44fa9578246f7b467ca0.mp4,1
16338b5d27be4a908c18208ebb6535e8.mp4,1
ead48f2bc9e847a59e277ba36ed28d99.mp4,1
3530ee69708840e8bc033b8775354647.mp4,1
2bcf098b69904fb8b151013543467229.mp4,1
f34c5a1672f148aeb26a74acbd337dbd.mp4,1
e8cf91fe0fdf40fa985b8bcdbc54ce72.mp4,1
667af90d87a54788b66135f38262c638.mp4,1
e8933e04ff564757be4069db94cccff1.mp4,0
2f335f07a7d2437fb511552ccc54fd9c.mp4,0
6c90fd9736384fe583272c45abd3b0ef.mp4,0
ef85e642ade7495d8e5552d05ba27bc0.mp4,0
a202bc8a163a4207a87e7eb534d8a749.mp4,0
7b9a9720ecba433e817ec256e2c0b2d5.mp4,0
f5e347b8a9cf4203813421fe1185b8f9.mp4,0
45d9957166a94966976dda2888f9f171.mp4,0
5b1d8a6249924cbdac7f27586bb7590f.mp4,0
97ecc8fb593f4f2681a2a7a10461bb0c.mp4,0
c9d15392a7144336b219a5b12b6d9c4f.mp4,0
971308d65e5c4b7786a7d30ac0221a9b.mp4,0
150f47041da84c63b377872d04a1123a.mp4,0
b77f3c5f11094c35b629f891ba0362e4.mp4,0
4698174502974ff7a539ea65ddd5803d.mp4,0
8665095de8434c799876527a17dd3cf9.mp4,0
f87d7f09ad6c4aa6a6989b3298f2ff30.mp4,0
6e9ae18c9cda4f3389377648c54d71be.mp4,0
3293ed76637f46e88199dbe52dce7687.mp4,0
224bebc152114f01b976bc366cbc0daa.mp4,0
914a7457c87643cc8a5834f395c9e254.mp4,0
27d14e3ab7f445b888a1c3f97fd677eb.mp4,0
8acb3026704c4317a60c41b5b9aa0d6f.mp4,0
954bc5edc1c34dbf9cb167b84bf9aae1.mp4,0
311885e336e5425b92bb91baf1e0cdd0.mp4,0
68d3e8ed53844e1a8038624c49a44c9d.mp4,0
694f2a1ff54746ca8b0c6188d5faf863.mp4,0
a76983ee0e4b4f8ba6bf7210c3fd3879.mp4,0
b2d3296449624cf4ba6fbcc859552e47.mp4,0
8f370dba11d54e54958b83766aabc4b5.mp4,0
1584e3845dde43a3bb6aef653dc6e383.mp4,0
217b9921fd4a4297b9d1be1da2774fc3.mp4,0
bbb87b590dfa438695f2b9ac99ccdb89.mp4,0
6009473e1e884757b5a87dda1d46c87d.mp4,0
e67d56fb82ef40d59552e517585ae826.mp4,0
2d39a29125c741f18a3e88083c56e773.mp4,0
3c041367d6204750a1a103af331353f5.mp4,0
3d0c2c52f3ff425ca4765a335352c709.mp4,0
193c212dd8ed4dd4905798133d6b315f.mp4,0
803344cbd7ec4485833cb4d2e1c8b383.mp4,0
